{
"lengthUnit": "mil",
"remark": [],
"components": {
	"fields": ["COMPONENT_NO", "COMPONENT_NAME", "LAYER", "X_COORDINATE", "Y_COORDINATE", "ANGLE"],
	"rows": [
		[1, "C1", "T", 2380, -2160, 90],
		[2, "ELRS", "T", 1515, -1635, 270],
		[3, "ESC", "T", 485, -1940, 270],
		[4, "ESC Power", "T", 2930, -1680, 0],
		[5, "ESP32C3", "T", 1045, -1750, 180],
		[6, "GY521 (MPU6050)", "T", 1500, -595, 0],
		[7, "MINI560Pro", "T", 3330, -965, 180],
		[8, "OLED128x64", "T", 995, -315, 0],
		[9, "POWER IN", "T", 2930, -2090, 0],
		[10, "R1", "T", 615, -1840, 90],
		[11, "R2", "T", 1685, -1170, 0],
		[12, "SERVO", "T", 355, -1940, 270],
		[13, "VTX Power", "T", 3410, -1825, 90],
		[14, "PAD1", "T", 1600, -345, 0],
		[15, "PAD1", "B", 1600, -345, 0],
		[16, "PAD2", "T", 1815, -345, 0],
		[17, "PAD2", "B", 1815, -345, 0],
		[18, "PAD3", "T", 2380, -2091.1, 0],
		[19, "PAD3", "B", 2380, -2091.1, 0],
		[20, "PAD4", "T", 2380, -2228.9, 0],
		[21, "PAD4", "B", 2380, -2228.9, 0],
		[22, "PAD5", "T", 485, -1840, 0],
		[23, "PAD5", "B", 485, -1840, 0],
		[24, "PAD6", "T", 485, -2040, 0],
		[25, "PAD6", "B", 485, -2040, 0],
		[26, "PAD7", "T", 2788.27, -1680, 0],
		[27, "PAD7", "B", 2788.27, -1680, 0],
		[28, "PAD8", "T", 3071.73, -1680, 0],
		[29, "PAD8", "B", 3071.73, -1680, 0],
		[30, "PAD9", "T", 615, -2040, 0],
		[31, "PAD9", "B", 615, -2040, 0],
		[32, "PAD10", "T", 615, -1640, 0],
		[33, "PAD10", "B", 615, -1640, 0],
		[34, "PAD11", "T", 355, -1840, 0],
		[35, "PAD11", "B", 355, -1840, 0],
		[36, "PAD12", "T", 355, -1940, 0],
		[37, "PAD12", "B", 355, -1940, 0],
		[38, "PAD13", "T", 355, -2040, 0],
		[39, "PAD13", "B", 355, -2040, 0],
		[40, "PAD14", "T", 695, -315, 0],
		[41, "PAD14", "B", 695, -315, 0],
		[42, "PAD15", "T", 795, -315, 0],
		[43, "PAD15", "B", 795, -315, 0],
		[44, "PAD16", "T", 895, -315, 0],
		[45, "PAD16", "B", 895, -315, 0],
		[46, "PAD17", "T", 995, -315, 0],
		[47, "PAD17", "B", 995, -315, 0],
		[48, "PAD18", "T", 745.0006, -1439.7644, 0],
		[49, "PAD18", "B", 745.0006, -1439.7644, 0],
		[50, "PAD19", "T", 745.0006, -1739.7638, 0],
		[51, "PAD19", "B", 745.0006, -1739.7638, 0],
		[52, "PAD20", "T", 745.0006, -1939.7634, 0],
		[53, "PAD20", "B", 745.0006, -1939.7634, 0],
		[54, "PAD21", "T", 745.0006, -1839.7636, 0],
		[55, "PAD21", "B", 745.0006, -1839.7636, 0],
		[56, "PAD22", "T", 745.0006, -2139.763, 0],
		[57, "PAD22", "B", 745.0006, -2139.763, 0],
		[58, "PAD23", "T", 1344.9994, -2039.7632, 0],
		[59, "PAD23", "B", 1344.9994, -2039.7632, 0],
		[60, "PAD24", "T", 1344.9994, -1939.7634, 0],
		[61, "PAD24", "B", 1344.9994, -1939.7634, 0],
		[62, "PAD25", "T", 1344.9994, -1539.7642, 0],
		[63, "PAD25", "B", 1344.9994, -1539.7642, 0],
		[64, "PAD26", "T", 1344.9994, -1439.7644, 0],
		[65, "PAD26", "B", 1344.9994, -1439.7644, 0],
		[66, "PAD27", "T", 745.0006, -2039.7632, 0],
		[67, "PAD27", "B", 745.0006, -2039.7632, 0],
		[68, "PAD28", "T", 1515.001, -1635, 0],
		[69, "PAD28", "B", 1515.001, -1635, 0],
		[70, "PAD29", "T", 1615.001, -1635, 0],
		[71, "PAD29", "B", 1615.001, -1635, 0],
		[72, "PAD30", "T", 1715.001, -1635, 0],
		[73, "PAD30", "B", 1715.001, -1635, 0],
		[74, "PAD31", "T", 1815.001, -1635, 0],
		[75, "PAD31", "B", 1815.001, -1635, 0],
		[76, "PAD32", "T", 1470, -1170, 0],
		[77, "PAD32", "B", 1470, -1170, 0],
		[78, "PAD33", "T", 1900, -1170, 0],
		[79, "PAD33", "B", 1900, -1170, 0],
		[80, "PAD34", "T", 3330, -965, 0],
		[81, "PAD34", "B", 3330, -965, 0],
		[82, "PAD35", "T", 3330, -865, 0],
		[83, "PAD35", "B", 3330, -865, 0],
		[84, "PAD36", "T", 3330, -513.8189, 0],
		[85, "PAD36", "B", 3330, -513.8189, 0],
		[86, "PAD37", "T", 3330, -413.8189, 0],
		[87, "PAD37", "B", 3330, -413.8189, 0],
		[88, "PAD38", "T", 2230, -965, 0],
		[89, "PAD38", "B", 2230, -965, 0],
		[90, "PAD39", "T", 2230, -865, 0],
		[91, "PAD39", "B", 2230, -865, 0],
		[92, "PAD40", "T", 2230, -515, 0],
		[93, "PAD40", "B", 2230, -515, 0],
		[94, "PAD41", "T", 2230, -413.8189, 0],
		[95, "PAD41", "B", 2230, -413.8189, 0],
		[96, "PAD42", "T", 1500, -245, 0],
		[97, "PAD42", "B", 1500, -245, 0],
		[98, "PAD43", "T", 1500, -345, 0],
		[99, "PAD43", "B", 1500, -345, 0],
		[100, "PAD44", "T", 1500, -445, 0],
		[101, "PAD44", "B", 1500, -445, 0],
		[102, "PAD45", "T", 1500, -545, 0],
		[103, "PAD45", "B", 1500, -545, 0],
		[104, "PAD46", "T", 3071.73, -2090, 0],
		[105, "PAD46", "B", 3071.73, -2090, 0],
		[106, "PAD47", "T", 2788.27, -2090, 0],
		[107, "PAD47", "B", 2788.27, -2090, 0],
		[108, "PAD48", "T", 3410, -1923.425, 0],
		[109, "PAD48", "B", 3410, -1923.425, 0],
		[110, "PAD49", "T", 3410, -1726.575, 0],
		[111, "PAD49", "B", 3410, -1726.575, 0]
	]
},
"pins": {
	"fields": ["PIN_NO", "PIN_NAME", "PIN_X", "PIN_Y", "LAYER", "PIN_TYPE", "NET_NAME", "NET_TYPE", "PAD_SHAPE", "PAD_SIZEX", "PAD_SIZEY", "HOLE_SIZE", "HOLE_LEN", "PAD_ANGLE"],
	"rows": [
		[1, "C1_1", 2380, -2228.9, "T", "DIP", "VIN", "", "C", 70.8661, 70.8661, 33.4646, 33.4646, 180],
		[2, "C1_1", 2380, -2228.9, "B", "DIP", "VIN", "", "C", 70.8661, 70.8661, 33.4646, 33.4646, 180],
		[3, "C1_2", 2380, -2091.1, "T", "DIP", "GND", "GND", "C", 70.8661, 70.8661, 33.4646, 33.4646, 180],
		[4, "C1_2", 2380, -2091.1, "B", "DIP", "GND", "GND", "C", 70.8661, 70.8661, 33.4646, 33.4646, 180],
		[5, "ELRS_1", 1515.001, -1635, "T", "DIP", "GND", "GND", "C", 70.8661, 70.8661, 33.4646, 33.4646, 270],
		[6, "ELRS_1", 1515.001, -1635, "B", "DIP", "GND", "GND", "C", 70.8661, 70.8661, 33.4646, 33.4646, 270],
		[7, "ELRS_2", 1615.001, -1635, "T", "DIP", "3V3", "", "C", 70.8661, 70.8661, 33.4646, 33.4646, 270],
		[8, "ELRS_2", 1615.001, -1635, "B", "DIP", "3V3", "", "C", 70.8661, 70.8661, 33.4646, 33.4646, 270],
		[9, "ELRS_3", 1715.001, -1635, "T", "DIP", "ELRS_TX", "", "C", 70.8661, 70.8661, 33.4646, 33.4646, 270],
		[10, "ELRS_3", 1715.001, -1635, "B", "DIP", "ELRS_TX", "", "C", 70.8661, 70.8661, 33.4646, 33.4646, 270],
		[11, "ELRS_4", 1815.001, -1635, "T", "DIP", "ELRS_RX", "", "C", 70.8661, 70.8661, 33.4646, 33.4646, 270],
		[12, "ELRS_4", 1815.001, -1635, "B", "DIP", "ELRS_RX", "", "C", 70.8661, 70.8661, 33.4646, 33.4646, 270],
		[13, "ESC_1", 485, -1840, "T", "DIP", "ESC", "", "C", 70.8661, 70.8661, 33.4646, 33.4646, 270],
		[14, "ESC_1", 485, -1840, "B", "DIP", "ESC", "", "C", 70.8661, 70.8661, 33.4646, 33.4646, 270],
		[15, "ESC_2", 485, -1940, "T", "DIP", "NET_1", "", "C", 70.8661, 70.8661, 33.4646, 33.4646, 270],
		[16, "ESC_2", 485, -1940, "B", "DIP", "NET_1", "", "C", 70.8661, 70.8661, 33.4646, 33.4646, 270],
		[17, "ESC_3", 485, -2040, "T", "DIP", "GND", "GND", "C", 70.8661, 70.8661, 33.4646, 33.4646, 270],
		[18, "ESC_3", 485, -2040, "B", "DIP", "GND", "GND", "C", 70.8661, 70.8661, 33.4646, 33.4646, 270],
		[19, "ESC Power_+", 3071.73, -1680, "T", "DIP", "VIN", "", "R", 236.2205, 275.5906, 177.1654, 177.1654, 0],
		[20, "ESC Power_+", 3071.73, -1680, "B", "DIP", "VIN", "", "R", 236.2205, 275.5906, 177.1654, 177.1654, 0],
		[21, "ESC Power_-", 2788.27, -1680, "T", "DIP", "GND", "GND", "R", 236.2205, 275.5906, 177.1654, 177.1654, 0],
		[22, "ESC Power_-", 2788.27, -1680, "B", "DIP", "GND", "GND", "R", 236.2205, 275.5906, 177.1654, 177.1654, 0],
		[23, "ESP32C3_1", 1344.9994, -2139.763, "T", "DIP", "NET_2", "", "C", 70.8661, 70.8661, 33.4646, 33.4646, 180],
		[24, "ESP32C3_1", 1344.9994, -2139.763, "B", "DIP", "NET_2", "", "C", 70.8661, 70.8661, 33.4646, 33.4646, 180],
		[25, "ESP32C3_2", 1344.9994, -2039.7632, "T", "DIP", "SDA", "", "C", 70.8661, 70.8661, 33.4646, 33.4646, 180],
		[26, "ESP32C3_2", 1344.9994, -2039.7632, "B", "DIP", "SDA", "", "C", 70.8661, 70.8661, 33.4646, 33.4646, 180],
		[27, "ESP32C3_3", 1344.9994, -1939.7634, "T", "DIP", "SCL", "", "C", 70.8661, 70.8661, 33.4646, 33.4646, 180],
		[28, "ESP32C3_3", 1344.9994, -1939.7634, "B", "DIP", "SCL", "", "C", 70.8661, 70.8661, 33.4646, 33.4646, 180],
		[29, "ESP32C3_4", 1344.9994, -1839.7636, "T", "DIP", "NET_3", "", "C", 70.8661, 70.8661, 33.4646, 33.4646, 180],
		[30, "ESP32C3_4", 1344.9994, -1839.7636, "B", "DIP", "NET_3", "", "C", 70.8661, 70.8661, 33.4646, 33.4646, 180],
		[31, "ESP32C3_5", 1344.9994, -1739.7638, "T", "DIP", "NET_4", "", "C", 70.8661, 70.8661, 33.4646, 33.4646, 180],
		[32, "ESP32C3_5", 1344.9994, -1739.7638, "B", "DIP", "NET_4", "", "C", 70.8661, 70.8661, 33.4646, 33.4646, 180],
		[33, "ESP32C3_6", 1344.9994, -1639.764, "T", "DIP", "NET_5", "", "C", 70.8661, 70.8661, 33.4646, 33.4646, 180],
		[34, "ESP32C3_6", 1344.9994, -1639.764, "B", "DIP", "NET_5", "", "C", 70.8661, 70.8661, 33.4646, 33.4646, 180],
		[35, "ESP32C3_7", 1344.9994, -1539.7642, "T", "DIP", "ELRS_TX", "", "C", 70.8661, 70.8661, 33.4646, 33.4646, 180],
		[36, "ESP32C3_7", 1344.9994, -1539.7642, "B", "DIP", "ELRS_TX", "", "C", 70.8661, 70.8661, 33.4646, 33.4646, 180],
		[37, "ESP32C3_8", 1344.9994, -1439.7644, "T", "DIP", "ELRS_RX", "", "C", 70.8661, 70.8661, 33.4646, 33.4646, 180],
		[38, "ESP32C3_8", 1344.9994, -1439.7644, "B", "DIP", "ELRS_RX", "", "C", 70.8661, 70.8661, 33.4646, 33.4646, 180],
		[39, "ESP32C3_9", 745.0006, -1439.7644, "T", "DIP", "NET_6", "", "C", 70.8661, 70.8661, 33.4646, 33.4646, 180],
		[40, "ESP32C3_9", 745.0006, -1439.7644, "B", "DIP", "NET_6", "", "C", 70.8661, 70.8661, 33.4646, 33.4646, 180],
		[41, "ESP32C3_10", 745.0006, -1539.7642, "T", "DIP", "NET_7", "", "C", 70.8661, 70.8661, 33.4646, 33.4646, 180],
		[42, "ESP32C3_10", 745.0006, -1539.7642, "B", "DIP", "NET_7", "", "C", 70.8661, 70.8661, 33.4646, 33.4646, 180],
		[43, "ESP32C3_11", 745.0006, -1639.764, "T", "DIP", "NET_8", "", "C", 70.8661, 70.8661, 33.4646, 33.4646, 180],
		[44, "ESP32C3_11", 745.0006, -1639.764, "B", "DIP", "NET_8", "", "C", 70.8661, 70.8661, 33.4646, 33.4646, 180],
		[45, "ESP32C3_12", 745.0006, -1739.7638, "T", "DIP", "SERVO", "", "C", 70.8661, 70.8661, 33.4646, 33.4646, 180],
		[46, "ESP32C3_12", 745.0006, -1739.7638, "B", "DIP", "SERVO", "", "C", 70.8661, 70.8661, 33.4646, 33.4646, 180],
		[47, "ESP32C3_13", 745.0006, -1839.7636, "T", "DIP", "ESC", "", "C", 70.8661, 70.8661, 33.4646, 33.4646, 180],
		[48, "ESP32C3_13", 745.0006, -1839.7636, "B", "DIP", "ESC", "", "C", 70.8661, 70.8661, 33.4646, 33.4646, 180],
		[49, "ESP32C3_14", 745.0006, -1939.7634, "T", "DIP", "3V3", "", "C", 70.8661, 70.8661, 33.4646, 33.4646, 180],
		[50, "ESP32C3_14", 745.0006, -1939.7634, "B", "DIP", "3V3", "", "C", 70.8661, 70.8661, 33.4646, 33.4646, 180],
		[51, "ESP32C3_15", 745.0006, -2039.7632, "T", "DIP", "GND", "GND", "C", 70.8661, 70.8661, 33.4646, 33.4646, 180],
		[52, "ESP32C3_15", 745.0006, -2039.7632, "B", "DIP", "GND", "GND", "C", 70.8661, 70.8661, 33.4646, 33.4646, 180],
		[53, "ESP32C3_16", 745.0006, -2139.763, "T", "DIP", "5V", "", "C", 70.8661, 70.8661, 33.4646, 33.4646, 180],
		[54, "ESP32C3_16", 745.0006, -2139.763, "B", "DIP", "5V", "", "C", 70.8661, 70.8661, 33.4646, 33.4646, 180],
		[55, "GY521 (MPU6050)_1", 1500, -245, "T", "DIP", "3V3", "", "C", 70.8661, 70.8661, 33.4646, 33.4646, 0],
		[56, "GY521 (MPU6050)_1", 1500, -245, "B", "DIP", "3V3", "", "C", 70.8661, 70.8661, 33.4646, 33.4646, 0],
		[57, "GY521 (MPU6050)_2", 1500, -345, "T", "DIP", "GND", "GND", "C", 70.8661, 70.8661, 33.4646, 33.4646, 0],
		[58, "GY521 (MPU6050)_2", 1500, -345, "B", "DIP", "GND", "GND", "C", 70.8661, 70.8661, 33.4646, 33.4646, 0],
		[59, "GY521 (MPU6050)_3", 1500, -445, "T", "DIP", "SCL", "", "C", 70.8661, 70.8661, 33.4646, 33.4646, 0],
		[60, "GY521 (MPU6050)_3", 1500, -445, "B", "DIP", "SCL", "", "C", 70.8661, 70.8661, 33.4646, 33.4646, 0],
		[61, "GY521 (MPU6050)_4", 1500, -545, "T", "DIP", "SDA", "", "C", 70.8661, 70.8661, 33.4646, 33.4646, 0],
		[62, "GY521 (MPU6050)_4", 1500, -545, "B", "DIP", "SDA", "", "C", 70.8661, 70.8661, 33.4646, 33.4646, 0],
		[63, "GY521 (MPU6050)_5", 1500, -645, "T", "DIP", "NET_9", "", "C", 70.8661, 70.8661, 33.4646, 33.4646, 0],
		[64, "GY521 (MPU6050)_5", 1500, -645, "B", "DIP", "NET_9", "", "C", 70.8661, 70.8661, 33.4646, 33.4646, 0],
		[65, "GY521 (MPU6050)_6", 1500, -745, "T", "DIP", "NET_10", "", "C", 70.8661, 70.8661, 33.4646, 33.4646, 0],
		[66, "GY521 (MPU6050)_6", 1500, -745, "B", "DIP", "NET_10", "", "C", 70.8661, 70.8661, 33.4646, 33.4646, 0],
		[67, "GY521 (MPU6050)_7", 1500, -845, "T", "DIP", "NET_11", "", "C", 70.8661, 70.8661, 33.4646, 33.4646, 0],
		[68, "GY521 (MPU6050)_7", 1500, -845, "B", "DIP", "NET_11", "", "C", 70.8661, 70.8661, 33.4646, 33.4646, 0],
		[69, "GY521 (MPU6050)_8", 1500, -945, "T", "DIP", "NET_12", "", "C", 70.8661, 70.8661, 33.4646, 33.4646, 0],
		[70, "GY521 (MPU6050)_8", 1500, -945, "B", "DIP", "NET_12", "", "C", 70.8661, 70.8661, 33.4646, 33.4646, 0],
		[71, "MINI560Pro_1", 3330, -965, "T", "DIP", "VIN", "", "R", 177.1654, 100, 33.4646, 33.4646, 180],
		[72, "MINI560Pro_1", 3330, -965, "B", "DIP", "VIN", "", "R", 177.1654, 100, 33.4646, 33.4646, 180],
		[73, "MINI560Pro_2", 3330, -865, "T", "DIP", "VIN", "", "R", 177.1654, 100, 33.4646, 33.4646, 180],
		[74, "MINI560Pro_2", 3330, -865, "B", "DIP", "VIN", "", "R", 177.1654, 100, 33.4646, 33.4646, 180],
		[75, "MINI560Pro_3", 3330, -513.8189, "T", "DIP", "GND", "GND", "R", 177.1654, 100, 33.4646, 33.4646, 180],
		[76, "MINI560Pro_3", 3330, -513.8189, "B", "DIP", "GND", "GND", "R", 177.1654, 100, 33.4646, 33.4646, 180],
		[77, "MINI560Pro_4", 3330, -413.8189, "T", "DIP", "GND", "GND", "R", 177.1654, 100, 33.4646, 33.4646, 180],
		[78, "MINI560Pro_4", 3330, -413.8189, "B", "DIP", "GND", "GND", "R", 177.1654, 100, 33.4646, 33.4646, 180],
		[79, "MINI560Pro_5", 2230, -413.8189, "T", "DIP", "GND", "GND", "R", 177.1654, 100, 33.4646, 33.4646, 180],
		[80, "MINI560Pro_5", 2230, -413.8189, "B", "DIP", "GND", "GND", "R", 177.1654, 100, 33.4646, 33.4646, 180],
		[81, "MINI560Pro_6", 2230, -515, "T", "DIP", "GND", "GND", "R", 177.1654, 100, 33.4646, 33.4646, 180],
		[82, "MINI560Pro_6", 2230, -515, "B", "DIP", "GND", "GND", "R", 177.1654, 100, 33.4646, 33.4646, 180],
		[83, "MINI560Pro_7", 2230, -865, "T", "DIP", "5V", "", "R", 177.1654, 100, 33.4646, 33.4646, 180],
		[84, "MINI560Pro_7", 2230, -865, "B", "DIP", "5V", "", "R", 177.1654, 100, 33.4646, 33.4646, 180],
		[85, "MINI560Pro_8", 2230, -965, "T", "DIP", "5V", "", "R", 177.1654, 100, 33.4646, 33.4646, 180],
		[86, "MINI560Pro_8", 2230, -965, "B", "DIP", "5V", "", "R", 177.1654, 100, 33.4646, 33.4646, 180],
		[87, "OLED128x64_1", 695, -315, "T", "DIP", "GND", "GND", "C", 70.8661, 70.8661, 33.4646, 33.4646, 0],
		[88, "OLED128x64_1", 695, -315, "B", "DIP", "GND", "GND", "C", 70.8661, 70.8661, 33.4646, 33.4646, 0],
		[89, "OLED128x64_2", 795, -315, "T", "DIP", "3V3", "", "C", 70.8661, 70.8661, 33.4646, 33.4646, 0],
		[90, "OLED128x64_2", 795, -315, "B", "DIP", "3V3", "", "C", 70.8661, 70.8661, 33.4646, 33.4646, 0],
		[91, "OLED128x64_3", 895, -315, "T", "DIP", "SCL", "", "C", 70.8661, 70.8661, 33.4646, 33.4646, 0],
		[92, "OLED128x64_3", 895, -315, "B", "DIP", "SCL", "", "C", 70.8661, 70.8661, 33.4646, 33.4646, 0],
		[93, "OLED128x64_4", 995, -315, "T", "DIP", "SDA", "", "C", 70.8661, 70.8661, 33.4646, 33.4646, 0],
		[94, "OLED128x64_4", 995, -315, "B", "DIP", "SDA", "", "C", 70.8661, 70.8661, 33.4646, 33.4646, 0],
		[95, "POWER IN_1", 3071.73, -2090, "T", "DIP", "VIN", "", "R", 236.2205, 275.5906, 177.1654, 177.1654, 0],
		[96, "POWER IN_1", 3071.73, -2090, "B", "DIP", "VIN", "", "R", 236.2205, 275.5906, 177.1654, 177.1654, 0],
		[97, "POWER IN_2", 2788.27, -2090, "T", "DIP", "GND", "GND", "R", 236.2205, 275.5906, 177.1654, 177.1654, 0],
		[98, "POWER IN_2", 2788.27, -2090, "B", "DIP", "GND", "GND", "R", 236.2205, 275.5906, 177.1654, 177.1654, 0],
		[99, "R1_1", 615, -2040, "T", "DIP", "GND", "GND", "C", 70.8661, 70.8661, 33.4646, 33.4646, 90],
		[100, "R1_1", 615, -2040, "B", "DIP", "GND", "GND", "C", 70.8661, 70.8661, 33.4646, 33.4646, 90],
		[101, "R1_2", 615, -1640, "T", "DIP", "NET_6", "", "C", 70.8661, 70.8661, 33.4646, 33.4646, 90],
		[102, "R1_2", 615, -1640, "B", "DIP", "NET_6", "", "C", 70.8661, 70.8661, 33.4646, 33.4646, 90],
		[103, "R2_1", 1470, -1170, "T", "DIP", "NET_6", "", "C", 70.8661, 70.8661, 33.4646, 33.4646, 0],
		[104, "R2_1", 1470, -1170, "B", "DIP", "NET_6", "", "C", 70.8661, 70.8661, 33.4646, 33.4646, 0],
		[105, "R2_2", 1900, -1170, "T", "DIP", "VIN", "", "C", 70.8661, 70.8661, 33.4646, 33.4646, 0],
		[106, "R2_2", 1900, -1170, "B", "DIP", "VIN", "", "C", 70.8661, 70.8661, 33.4646, 33.4646, 0],
		[107, "SERVO_1", 355, -1840, "T", "DIP", "SERVO", "", "C", 70.8661, 70.8661, 33.4646, 33.4646, 270],
		[108, "SERVO_1", 355, -1840, "B", "DIP", "SERVO", "", "C", 70.8661, 70.8661, 33.4646, 33.4646, 270],
		[109, "SERVO_2", 355, -1940, "T", "DIP", "5V", "", "C", 70.8661, 70.8661, 33.4646, 33.4646, 270],
		[110, "SERVO_2", 355, -1940, "B", "DIP", "5V", "", "C", 70.8661, 70.8661, 33.4646, 33.4646, 270],
		[111, "SERVO_3", 355, -2040, "T", "DIP", "GND", "GND", "C", 70.8661, 70.8661, 33.4646, 33.4646, 270],
		[112, "SERVO_3", 355, -2040, "B", "DIP", "GND", "GND", "C", 70.8661, 70.8661, 33.4646, 33.4646, 270],
		[113, "VTX Power_1", 3410, -1923.425, "T", "DIP", "VIN", "", "R", 157.4803, 196.8504, 70.866, 70.866, 90],
		[114, "VTX Power_1", 3410, -1923.425, "B", "DIP", "VIN", "", "R", 157.4803, 196.8504, 70.866, 70.866, 90],
		[115, "VTX Power_2", 3410, -1726.575, "T", "DIP", "GND", "GND", "R", 157.4803, 196.8504, 70.866, 70.866, 90],
		[116, "VTX Power_2", 3410, -1726.575, "B", "DIP", "GND", "GND", "R", 157.4803, 196.8504, 70.866, 70.866, 90],
		[117, "PAD1_1", 1600, -345, "T", "DIP", "GND", "GND", "C", 70.8661, 70.8661, 33.4646, 33.4646, 0],
		[118, "PAD1_1", 1600, -345, "B", "DIP", "GND", "GND", "C", 70.8661, 70.8661, 33.4646, 33.4646, 0],
		[119, "PAD2_1", 1815, -345, "T", "DIP", "GND", "GND", "C", 70.8661, 70.8661, 33.4646, 33.4646, 0],
		[120, "PAD2_1", 1815, -345, "B", "DIP", "GND", "GND", "C", 70.8661, 70.8661, 33.4646, 33.4646, 0],
		[121, "PAD3_2", 2380, -2091.1, "T", "DIP", "GND", "GND", "C", 70.8661, 70.8661, 33.4646, 33.4646, 180],
		[122, "PAD3_2", 2380, -2091.1, "B", "DIP", "GND", "GND", "C", 70.8661, 70.8661, 33.4646, 33.4646, 180],
		[123, "PAD4_1", 2380, -2228.9, "T", "DIP", "VIN", "", "C", 70.8661, 70.8661, 33.4646, 33.4646, 180],
		[124, "PAD4_1", 2380, -2228.9, "B", "DIP", "VIN", "", "C", 70.8661, 70.8661, 33.4646, 33.4646, 180],
		[125, "PAD5_1", 485, -1840, "T", "DIP", "ESC", "", "C", 70.8661, 70.8661, 33.4646, 33.4646, 270],
		[126, "PAD5_1", 485, -1840, "B", "DIP", "ESC", "", "C", 70.8661, 70.8661, 33.4646, 33.4646, 270],
		[127, "PAD6_3", 485, -2040, "T", "DIP", "GND", "GND", "C", 70.8661, 70.8661, 33.4646, 33.4646, 270],
		[128, "PAD6_3", 485, -2040, "B", "DIP", "GND", "GND", "C", 70.8661, 70.8661, 33.4646, 33.4646, 270],
		[129, "PAD7_-", 2788.27, -1680, "T", "DIP", "GND", "GND", "R", 236.2205, 275.5906, 177.1654, 177.1654, 0],
		[130, "PAD7_-", 2788.27, -1680, "B", "DIP", "GND", "GND", "R", 236.2205, 275.5906, 177.1654, 177.1654, 0],
		[131, "PAD8_+", 3071.73, -1680, "T", "DIP", "VIN", "", "R", 236.2205, 275.5906, 177.1654, 177.1654, 0],
		[132, "PAD8_+", 3071.73, -1680, "B", "DIP", "VIN", "", "R", 236.2205, 275.5906, 177.1654, 177.1654, 0],
		[133, "PAD9_1", 615, -2040, "T", "DIP", "GND", "GND", "C", 70.8661, 70.8661, 33.4646, 33.4646, 90],
		[134, "PAD9_1", 615, -2040, "B", "DIP", "GND", "GND", "C", 70.8661, 70.8661, 33.4646, 33.4646, 90],
		[135, "PAD10_2", 615, -1640, "T", "DIP", "NET_6", "", "C", 70.8661, 70.8661, 33.4646, 33.4646, 90],
		[136, "PAD10_2", 615, -1640, "B", "DIP", "NET_6", "", "C", 70.8661, 70.8661, 33.4646, 33.4646, 90],
		[137, "PAD11_1", 355, -1840, "T", "DIP", "SERVO", "", "C", 70.8661, 70.8661, 33.4646, 33.4646, 270],
		[138, "PAD11_1", 355, -1840, "B", "DIP", "SERVO", "", "C", 70.8661, 70.8661, 33.4646, 33.4646, 270],
		[139, "PAD12_2", 355, -1940, "T", "DIP", "5V", "", "C", 70.8661, 70.8661, 33.4646, 33.4646, 270],
		[140, "PAD12_2", 355, -1940, "B", "DIP", "5V", "", "C", 70.8661, 70.8661, 33.4646, 33.4646, 270],
		[141, "PAD13_3", 355, -2040, "T", "DIP", "GND", "GND", "C", 70.8661, 70.8661, 33.4646, 33.4646, 270],
		[142, "PAD13_3", 355, -2040, "B", "DIP", "GND", "GND", "C", 70.8661, 70.8661, 33.4646, 33.4646, 270],
		[143, "PAD14_1", 695, -315, "T", "DIP", "GND", "GND", "C", 70.8661, 70.8661, 33.4646, 33.4646, 0],
		[144, "PAD14_1", 695, -315, "B", "DIP", "GND", "GND", "C", 70.8661, 70.8661, 33.4646, 33.4646, 0],
		[145, "PAD15_2", 795, -315, "T", "DIP", "3V3", "", "C", 70.8661, 70.8661, 33.4646, 33.4646, 0],
		[146, "PAD15_2", 795, -315, "B", "DIP", "3V3", "", "C", 70.8661, 70.8661, 33.4646, 33.4646, 0],
		[147, "PAD16_3", 895, -315, "T", "DIP", "SCL", "", "C", 70.8661, 70.8661, 33.4646, 33.4646, 0],
		[148, "PAD16_3", 895, -315, "B", "DIP", "SCL", "", "C", 70.8661, 70.8661, 33.4646, 33.4646, 0],
		[149, "PAD17_4", 995, -315, "T", "DIP", "SDA", "", "C", 70.8661, 70.8661, 33.4646, 33.4646, 0],
		[150, "PAD17_4", 995, -315, "B", "DIP", "SDA", "", "C", 70.8661, 70.8661, 33.4646, 33.4646, 0],
		[151, "PAD18_9", 745.0006, -1439.7644, "T", "DIP", "NET_6", "", "C", 70.8661, 70.8661, 33.4646, 33.4646, 180],
		[152, "PAD18_9", 745.0006, -1439.7644, "B", "DIP", "NET_6", "", "C", 70.8661, 70.8661, 33.4646, 33.4646, 180],
		[153, "PAD19_12", 745.0006, -1739.7638, "T", "DIP", "SERVO", "", "C", 70.8661, 70.8661, 33.4646, 33.4646, 180],
		[154, "PAD19_12", 745.0006, -1739.7638, "B", "DIP", "SERVO", "", "C", 70.8661, 70.8661, 33.4646, 33.4646, 180],
		[155, "PAD20_14", 745.0006, -1939.7634, "T", "DIP", "3V3", "", "C", 70.8661, 70.8661, 33.4646, 33.4646, 180],
		[156, "PAD20_14", 745.0006, -1939.7634, "B", "DIP", "3V3", "", "C", 70.8661, 70.8661, 33.4646, 33.4646, 180],
		[157, "PAD21_13", 745.0006, -1839.7636, "T", "DIP", "ESC", "", "C", 70.8661, 70.8661, 33.4646, 33.4646, 180],
		[158, "PAD21_13", 745.0006, -1839.7636, "B", "DIP", "ESC", "", "C", 70.8661, 70.8661, 33.4646, 33.4646, 180],
		[159, "PAD22_16", 745.0006, -2139.763, "T", "DIP", "5V", "", "C", 70.8661, 70.8661, 33.4646, 33.4646, 180],
		[160, "PAD22_16", 745.0006, -2139.763, "B", "DIP", "5V", "", "C", 70.8661, 70.8661, 33.4646, 33.4646, 180],
		[161, "PAD23_2", 1344.9994, -2039.7632, "T", "DIP", "SDA", "", "C", 70.8661, 70.8661, 33.4646, 33.4646, 180],
		[162, "PAD23_2", 1344.9994, -2039.7632, "B", "DIP", "SDA", "", "C", 70.8661, 70.8661, 33.4646, 33.4646, 180],
		[163, "PAD24_3", 1344.9994, -1939.7634, "T", "DIP", "SCL", "", "C", 70.8661, 70.8661, 33.4646, 33.4646, 180],
		[164, "PAD24_3", 1344.9994, -1939.7634, "B", "DIP", "SCL", "", "C", 70.8661, 70.8661, 33.4646, 33.4646, 180],
		[165, "PAD25_7", 1344.9994, -1539.7642, "T", "DIP", "ELRS_TX", "", "C", 70.8661, 70.8661, 33.4646, 33.4646, 180],
		[166, "PAD25_7", 1344.9994, -1539.7642, "B", "DIP", "ELRS_TX", "", "C", 70.8661, 70.8661, 33.4646, 33.4646, 180],
		[167, "PAD26_8", 1344.9994, -1439.7644, "T", "DIP", "ELRS_RX", "", "C", 70.8661, 70.8661, 33.4646, 33.4646, 180],
		[168, "PAD26_8", 1344.9994, -1439.7644, "B", "DIP", "ELRS_RX", "", "C", 70.8661, 70.8661, 33.4646, 33.4646, 180],
		[169, "PAD27_15", 745.0006, -2039.7632, "T", "DIP", "GND", "GND", "C", 70.8661, 70.8661, 33.4646, 33.4646, 180],
		[170, "PAD27_15", 745.0006, -2039.7632, "B", "DIP", "GND", "GND", "C", 70.8661, 70.8661, 33.4646, 33.4646, 180],
		[171, "PAD28_1", 1515.001, -1635, "T", "DIP", "GND", "GND", "C", 70.8661, 70.8661, 33.4646, 33.4646, 270],
		[172, "PAD28_1", 1515.001, -1635, "B", "DIP", "GND", "GND", "C", 70.8661, 70.8661, 33.4646, 33.4646, 270],
		[173, "PAD29_2", 1615.001, -1635, "T", "DIP", "3V3", "", "C", 70.8661, 70.8661, 33.4646, 33.4646, 270],
		[174, "PAD29_2", 1615.001, -1635, "B", "DIP", "3V3", "", "C", 70.8661, 70.8661, 33.4646, 33.4646, 270],
		[175, "PAD30_3", 1715.001, -1635, "T", "DIP", "ELRS_TX", "", "C", 70.8661, 70.8661, 33.4646, 33.4646, 270],
		[176, "PAD30_3", 1715.001, -1635, "B", "DIP", "ELRS_TX", "", "C", 70.8661, 70.8661, 33.4646, 33.4646, 270],
		[177, "PAD31_4", 1815.001, -1635, "T", "DIP", "ELRS_RX", "", "C", 70.8661, 70.8661, 33.4646, 33.4646, 270],
		[178, "PAD31_4", 1815.001, -1635, "B", "DIP", "ELRS_RX", "", "C", 70.8661, 70.8661, 33.4646, 33.4646, 270],
		[179, "PAD32_1", 1470, -1170, "T", "DIP", "NET_6", "", "C", 70.8661, 70.8661, 33.4646, 33.4646, 0],
		[180, "PAD32_1", 1470, -1170, "B", "DIP", "NET_6", "", "C", 70.8661, 70.8661, 33.4646, 33.4646, 0],
		[181, "PAD33_2", 1900, -1170, "T", "DIP", "VIN", "", "C", 70.8661, 70.8661, 33.4646, 33.4646, 0],
		[182, "PAD33_2", 1900, -1170, "B", "DIP", "VIN", "", "C", 70.8661, 70.8661, 33.4646, 33.4646, 0],
		[183, "PAD34_1", 3330, -965, "T", "DIP", "VIN", "", "R", 177.1654, 100, 33.4646, 33.4646, 180],
		[184, "PAD34_1", 3330, -965, "B", "DIP", "VIN", "", "R", 177.1654, 100, 33.4646, 33.4646, 180],
		[185, "PAD35_2", 3330, -865, "T", "DIP", "VIN", "", "R", 177.1654, 100, 33.4646, 33.4646, 180],
		[186, "PAD35_2", 3330, -865, "B", "DIP", "VIN", "", "R", 177.1654, 100, 33.4646, 33.4646, 180],
		[187, "PAD36_3", 3330, -513.8189, "T", "DIP", "GND", "GND", "R", 177.1654, 100, 33.4646, 33.4646, 180],
		[188, "PAD36_3", 3330, -513.8189, "B", "DIP", "GND", "GND", "R", 177.1654, 100, 33.4646, 33.4646, 180],
		[189, "PAD37_4", 3330, -413.8189, "T", "DIP", "GND", "GND", "R", 177.1654, 100, 33.4646, 33.4646, 180],
		[190, "PAD37_4", 3330, -413.8189, "B", "DIP", "GND", "GND", "R", 177.1654, 100, 33.4646, 33.4646, 180],
		[191, "PAD38_8", 2230, -965, "T", "DIP", "5V", "", "R", 177.1654, 100, 33.4646, 33.4646, 180],
		[192, "PAD38_8", 2230, -965, "B", "DIP", "5V", "", "R", 177.1654, 100, 33.4646, 33.4646, 180],
		[193, "PAD39_7", 2230, -865, "T", "DIP", "5V", "", "R", 177.1654, 100, 33.4646, 33.4646, 180],
		[194, "PAD39_7", 2230, -865, "B", "DIP", "5V", "", "R", 177.1654, 100, 33.4646, 33.4646, 180],
		[195, "PAD40_6", 2230, -515, "T", "DIP", "GND", "GND", "R", 177.1654, 100, 33.4646, 33.4646, 180],
		[196, "PAD40_6", 2230, -515, "B", "DIP", "GND", "GND", "R", 177.1654, 100, 33.4646, 33.4646, 180],
		[197, "PAD41_5", 2230, -413.8189, "T", "DIP", "GND", "GND", "R", 177.1654, 100, 33.4646, 33.4646, 180],
		[198, "PAD41_5", 2230, -413.8189, "B", "DIP", "GND", "GND", "R", 177.1654, 100, 33.4646, 33.4646, 180],
		[199, "PAD42_1", 1500, -245, "T", "DIP", "3V3", "", "C", 70.8661, 70.8661, 33.4646, 33.4646, 0],
		[200, "PAD42_1", 1500, -245, "B", "DIP", "3V3", "", "C", 70.8661, 70.8661, 33.4646, 33.4646, 0],
		[201, "PAD43_2", 1500, -345, "T", "DIP", "GND", "GND", "C", 70.8661, 70.8661, 33.4646, 33.4646, 0],
		[202, "PAD43_2", 1500, -345, "B", "DIP", "GND", "GND", "C", 70.8661, 70.8661, 33.4646, 33.4646, 0],
		[203, "PAD44_3", 1500, -445, "T", "DIP", "SCL", "", "C", 70.8661, 70.8661, 33.4646, 33.4646, 0],
		[204, "PAD44_3", 1500, -445, "B", "DIP", "SCL", "", "C", 70.8661, 70.8661, 33.4646, 33.4646, 0],
		[205, "PAD45_4", 1500, -545, "T", "DIP", "SDA", "", "C", 70.8661, 70.8661, 33.4646, 33.4646, 0],
		[206, "PAD45_4", 1500, -545, "B", "DIP", "SDA", "", "C", 70.8661, 70.8661, 33.4646, 33.4646, 0],
		[207, "PAD46_1", 3071.73, -2090, "T", "DIP", "VIN", "", "R", 236.2205, 275.5906, 177.1654, 177.1654, 0],
		[208, "PAD46_1", 3071.73, -2090, "B", "DIP", "VIN", "", "R", 236.2205, 275.5906, 177.1654, 177.1654, 0],
		[209, "PAD47_2", 2788.27, -2090, "T", "DIP", "GND", "GND", "R", 236.2205, 275.5906, 177.1654, 177.1654, 0],
		[210, "PAD47_2", 2788.27, -2090, "B", "DIP", "GND", "GND", "R", 236.2205, 275.5906, 177.1654, 177.1654, 0],
		[211, "PAD48_1", 3410, -1923.425, "T", "DIP", "VIN", "", "R", 157.4803, 196.8504, 70.866, 70.866, 90],
		[212, "PAD48_1", 3410, -1923.425, "B", "DIP", "VIN", "", "R", 157.4803, 196.8504, 70.866, 70.866, 90],
		[213, "PAD49_2", 3410, -1726.575, "T", "DIP", "GND", "GND", "R", 157.4803, 196.8504, 70.866, 70.866, 90],
		[214, "PAD49_2", 3410, -1726.575, "B", "DIP", "GND", "GND", "R", 157.4803, 196.8504, 70.866, 70.866, 90]
	]
}
}